Entity,Day,Total confirmed cases of COVID-19 per million people
Mauritius,2021-08-02,3442.4285
Mauritius,2021-08-03,3442.4285
Mauritius,2021-08-04,3520.79
Mauritius,2021-08-05,3598.3682
Mauritius,2021-08-06,3598.3682
Mauritius,2021-08-07,3598.3682
Mauritius,2021-08-08,3925.92
Mauritius,2021-08-09,4012.118
Mauritius,2021-08-10,4089.6958
Mauritius,2021-08-11,4089.6958
Mauritius,2021-08-12,4191.566
Mauritius,2021-08-13,4393.7393
Mauritius,2021-08-14,4393.7393
Mauritius,2021-08-15,4674.274
Mauritius,2021-08-16,4797.302
Mauritius,2021-08-17,4797.302
Mauritius,2021-08-18,5062.1646
Mauritius,2021-08-19,5295.682
Mauritius,2021-08-20,5540.1704
Mauritius,2021-08-21,5832.4595
Mauritius,2021-08-22,6123.1816
Mauritius,2021-08-23,6345.7285
Mauritius,2021-08-24,6530.662
Mauritius,2021-08-25,6791.6064
Mauritius,2021-08-26,6791.6064
Mauritius,2021-08-27,6791.6064
Mauritius,2021-08-28,7729.5957
Mauritius,2021-08-29,7989.7563
Mauritius,2021-08-30,7989.7563
Mauritius,2021-08-31,8365.893
Mauritius,2021-09-01,8365.893
Mauritius,2021-09-02,8761.619
Mauritius,2021-09-03,8984.95
Mauritius,2021-09-04,9202.795
Mauritius,2021-09-05,9431.611
Mauritius,2021-09-06,9431.611
Mauritius,2021-09-07,9886.109
Mauritius,2021-09-08,10016.973
Mauritius,2021-09-09,10016.973
Mauritius,2021-09-10,10276.351
Mauritius,2021-09-11,10413.483
Mauritius,2021-09-12,10413.483
Mauritius,2021-09-13,10413.483
Mauritius,2021-09-14,10799.807
Mauritius,2021-09-15,11363.227
Mauritius,2021-09-16,11839.666
Mauritius,2021-09-17,12427.378
Mauritius,2021-09-18,13073.078
Mauritius,2021-09-19,13557.354
Mauritius,2021-09-20,13981.29
Mauritius,2021-09-21,14554.897
Mauritius,2021-09-22,15112.05
Mauritius,2021-09-23,15630.804
Mauritius,2021-09-24,16166.014
Mauritius,2021-09-25,16680.85
Mauritius,2021-09-26,17022.508
Mauritius,2021-09-27,17420.584
Mauritius,2021-09-28,17998.11
Mauritius,2021-09-29,18557.611
Mauritius,2021-09-30,19048.156
Mauritius,2021-10-01,19364.738
Mauritius,2021-10-02,19808.266
Mauritius,2021-10-03,20216.53
Mauritius,2021-10-04,20517.438
Mauritius,2021-10-05,20985.258
Mauritius,2021-10-06,21434.27
Mauritius,2021-10-07,21844.885
Mauritius,2021-10-08,22222.588
Mauritius,2021-10-09,22545.438
Mauritius,2021-10-10,22852.615
Mauritius,2021-10-11,23239.723
Mauritius,2021-10-12,23777.283
Mauritius,2021-10-13,24255.29
Mauritius,2021-10-14,24782.664
Mauritius,2021-10-15,25180.74
Mauritius,2021-10-16,25545.123
Mauritius,2021-10-17,25876.594
Mauritius,2021-10-18,26262.916
Mauritius,2021-10-19,26812.23
Mauritius,2021-10-20,27365.465
Mauritius,2021-10-21,27973.55
Mauritius,2021-10-22,28455.477
Mauritius,2021-10-23,28974.23
Mauritius,2021-10-24,29495.336
Mauritius,2021-10-25,29992.148
Mauritius,2021-10-26,30753.041
Mauritius,2021-10-27,31462.213
Mauritius,2021-10-28,32277.174
Mauritius,2021-10-29,32965.973
Mauritius,2021-10-30,33675.93
Mauritius,2021-10-31,34297.34
Mauritius,2021-11-01,34876.43
Mauritius,2021-11-02,35606.76
Mauritius,2021-11-03,35606.76
Mauritius,2021-11-04,36634.867
Mauritius,2021-11-05,37601.066
Mauritius,2021-11-06,38852.504
Mauritius,2021-11-07,39933.895
Mauritius,2021-11-08,41236.266
Mauritius,2021-11-09,42906.152
Mauritius,2021-11-10,44380.918
Mauritius,2021-11-11,45691.125
Mauritius,2021-11-12,46941.777
Mauritius,2021-11-13,48194.78
Mauritius,2021-11-14,49263.637
Mauritius,2021-11-15,50147.555
Mauritius,2021-11-16,51710.086
Mauritius,2021-11-17,52804.016
Mauritius,2021-11-18,53854.848
Mauritius,2021-11-19,54851.605
Mauritius,2021-11-20,55788.027
Mauritius,2021-11-21,56687.62
Mauritius,2021-11-22,57456.348
Mauritius,2021-11-23,58511.098
Mauritius,2021-11-24,59413.824
Mauritius,2021-11-25,60304.01
Mauritius,2021-11-26,61093.113
Mauritius,2021-11-27,61766.242
Mauritius,2021-11-28,62386.082
Mauritius,2021-11-29,62892.297
Mauritius,2021-11-30,63588.15
Mauritius,2021-12-01,64166.46
Mauritius,2021-12-02,64655.438
Mauritius,2021-12-03,65121.688
Mauritius,2021-12-04,65525.25
Mauritius,2021-12-05,65888.85
Mauritius,2021-12-06,66181.92
Mauritius,2021-12-07,66714.78
Mauritius,2021-12-08,67057.22
Mauritius,2021-12-09,67367.53
Mauritius,2021-12-10,67657.47
Mauritius,2021-12-11,67959.164
Mauritius,2021-12-12,68200.516
Mauritius,2021-12-13,68421.5
Mauritius,2021-12-14,68709.086
Mauritius,2021-12-15,68931.63
Mauritius,2021-12-16,69108.73
Mauritius,2021-12-17,69296.8
Mauritius,2021-12-18,69455.875
Mauritius,2021-12-19,69643.16
Mauritius,2021-12-20,69776.375
Mauritius,2021-12-21,69927.61
Mauritius,2021-12-22,70056.125
Mauritius,2021-12-23,70200.305
Mauritius,2021-12-24,70319.414
Mauritius,2021-12-25,70460.47
Mauritius,2021-12-26,70596.03
Mauritius,2021-12-27,70732.38
Mauritius,2021-12-28,70885.19
Mauritius,2021-12-29,71090.5
Mauritius,2021-12-30,71229.984
Mauritius,2021-12-31,71382.79
Mauritius,2022-01-01,71555.18
Mauritius,2022-01-02,71682.914
Mauritius,2022-01-03,71828.664
Mauritius,2022-01-04,71961.09
Mauritius,2022-01-05,72152.3
Mauritius,2022-01-06,72401.484
Mauritius,2022-01-07,72667.13
Mauritius,2022-01-08,72911.625
Mauritius,2022-01-09,73167.87
Mauritius,2022-01-10,73398.25
Mauritius,2022-01-11,73663.89
Mauritius,2022-01-12,73896.625
Mauritius,2022-01-13,74169.33
Mauritius,2022-01-14,74499.23
Mauritius,2022-01-15,74797.79
Mauritius,2022-01-16,75078.32
Mauritius,2022-01-17,75309.49
Mauritius,2022-01-18,75616.664
Mauritius,2022-01-19,75938.734
Mauritius,2022-01-20,76292.93
Mauritius,2022-01-21,76725.484
Mauritius,2022-01-22,77155.69
Mauritius,2022-01-23,77558.47
Mauritius,2022-01-24,77996.51
Mauritius,2022-01-25,78537.2
Mauritius,2022-01-26,79114.734
Mauritius,2022-01-27,79787.86
Mauritius,2022-01-28,80534.65
Mauritius,2022-01-29,81309.64
Mauritius,2022-01-30,82124.6
Mauritius,2022-01-31,83012.445
Mauritius,2022-02-01,84076.59
Mauritius,2022-02-02,85011.445
Mauritius,2022-02-03,85525.5
Mauritius,2022-02-04,86955.6
Mauritius,2022-02-05,88426.45
Mauritius,2022-02-06,89778.98
Mauritius,2022-02-07,91146.38
Mauritius,2022-02-08,92886.016
Mauritius,2022-02-09,94579.41
Mauritius,2022-02-10,96185.04
Mauritius,2022-02-11,97922.32
Mauritius,2022-02-12,99648.625
Mauritius,2022-02-13,101435.27
Mauritius,2022-02-14,103314.38
Mauritius,2022-02-15,105686.39
Mauritius,2022-02-16,108431.41
Mauritius,2022-02-17,110830.055
Mauritius,2022-02-18,113223.22
Mauritius,2022-02-19,115483.95
Mauritius,2022-02-20,116862.336
Mauritius,2022-02-21,117679.65
Mauritius,2022-02-22,120305.55
Mauritius,2022-02-23,122606.25
Mauritius,2022-02-24,124848.96
Mauritius,2022-02-25,126746.875
Mauritius,2022-02-26,128435.57
Mauritius,2022-02-27,129816.305
Mauritius,2022-02-28,131368.66
Mauritius,2022-03-01,133055
Mauritius,2022-03-02,134561.89
Mauritius,2022-03-03,136272.52
Mauritius,2022-03-04,137999.61
Mauritius,2022-03-05,139435.98
Mauritius,2022-03-06,140773.62
Mauritius,2022-03-07,142118.3
Mauritius,2022-03-08,143730.98
Mauritius,2022-03-09,145168.14
Mauritius,2022-03-10,146370.2
Mauritius,2022-03-11,147687.47
Mauritius,2022-03-12,148653.67
Mauritius,2022-03-13,149752.3
Mauritius,2022-03-14,150891.67
Mauritius,2022-03-15,152278.67
Mauritius,2022-03-16,153741.69
Mauritius,2022-03-17,155022.9
Mauritius,2022-03-18,156282.17
Mauritius,2022-03-19,157219.39
Mauritius,2022-03-20,158126.03
Mauritius,2022-03-21,159009.95
Mauritius,2022-03-22,160036.48
Mauritius,2022-03-23,160902.38
Mauritius,2022-03-24,161939.89
Mauritius,2022-03-25,162794.81
Mauritius,2022-03-26,163574.52
Mauritius,2022-03-27,164206.11
Mauritius,2022-03-28,164828.3
Mauritius,2022-03-29,165588.4
Mauritius,2022-03-30,166234.89
Mauritius,2022-03-31,166824.17
Mauritius,2022-04-01,167353.9
Mauritius,2022-04-02,167740.22
Mauritius,2022-04-03,168027.03
Mauritius,2022-04-04,168367.9
Mauritius,2022-04-05,168874.11
Mauritius,2022-04-06,169351.34
Mauritius,2022-04-07,169834.05
Mauritius,2022-04-08,170101.27
Mauritius,2022-04-09,170417.84
Mauritius,2022-04-10,170730.5
Mauritius,2022-04-11,171007.9
Mauritius,2022-04-12,171364.45
Mauritius,2022-04-13,171638.72
Mauritius,2022-04-14,171893.39
Mauritius,2022-04-15,172119.86
Mauritius,2022-04-16,172300.1
Mauritius,2022-04-17,172485.02
Mauritius,2022-04-18,172665.25
Mauritius,2022-04-19,172816.48
Mauritius,2022-04-20,172985.75
Mauritius,2022-04-21,173181.66
Mauritius,2022-04-22,173334.47
Mauritius,2022-04-23,173554.66
Mauritius,2022-04-24,173662.02
Mauritius,2022-04-25,173766.23
Mauritius,2022-04-26,173928.44
Mauritius,2022-04-27,173928.44
Mauritius,2022-04-28,174200.36
Mauritius,2022-04-29,174317.11
Mauritius,2022-04-30,174427.61
Mauritius,2022-05-01,174529.48
Mauritius,2022-05-02,174627.42
Mauritius,2022-05-03,174723.03
Mauritius,2022-05-04,174846.06
Mauritius,2022-05-05,174964.39
Mauritius,2022-05-06,175072.53
Mauritius,2022-05-07,175185.36
Mauritius,2022-05-08,175285.67
Mauritius,2022-05-09,175367.95
Mauritius,2022-05-10,175473.73
Mauritius,2022-05-11,175579.53
Mauritius,2022-05-12,175722.14
Mauritius,2022-05-13,175722.14
Mauritius,2022-05-14,175914.12
Mauritius,2022-05-15,175991.7
Mauritius,2022-05-16,176095.92
Mauritius,2022-05-17,176225.22
Mauritius,2022-05-18,176370.19
Mauritius,2022-05-19,176480.69
Mauritius,2022-05-20,176649.16
Mauritius,2022-05-21,176772.97
Mauritius,2022-05-22,176879.55
Mauritius,2022-05-23,176989.25
Mauritius,2022-05-24,177149.11
Mauritius,2022-05-25,177292.52
Mauritius,2022-05-26,177425.72
Mauritius,2022-05-27,177532.3
Mauritius,2022-05-28,177613.02
Mauritius,2022-05-29,177693.72
Mauritius,2022-05-30,177764.25
Mauritius,2022-05-31,177872.39
Mauritius,2022-06-01,177939.78
Mauritius,2022-06-02,178035.38
Mauritius,2022-06-03,178117.66
Mauritius,2022-06-04,178197.6
Mauritius,2022-06-05,178272.81
Mauritius,2022-06-06,178351.17
Mauritius,2022-06-07,178427.97
Mauritius,2022-06-08,178511.03
Mauritius,2022-06-09,178600.36
Mauritius,2022-06-10,178694.4
Mauritius,2022-06-11,178784.52
Mauritius,2022-06-12,178855.05
Mauritius,2022-06-13,178952.2
Mauritius,2022-06-14,179064.27
Mauritius,2022-06-15,179180.25
Mauritius,2022-06-16,179312.67
Mauritius,2022-06-17,179452.16
Mauritius,2022-06-18,179578.31
Mauritius,2022-06-19,179690.38
Mauritius,2022-06-20,179823.6
Mauritius,2022-06-21,179946.62
Mauritius,2022-06-22,180096.3
Mauritius,2022-06-23,180288.28
Mauritius,2022-06-24,180461.45
Mauritius,2022-06-25,180641.69
Mauritius,2022-06-26,180799.98
Mauritius,2022-06-27,181043.69
Mauritius,2022-06-28,181333.62
Mauritius,2022-06-29,181598.48
Mauritius,2022-06-30,181852.38
Mauritius,2022-07-01,182292.77
Mauritius,2022-07-02,182292.77
Mauritius,2022-07-03,182429.9
Mauritius,2022-07-04,182646.97
Mauritius,2022-07-05,182945.52
Mauritius,2022-07-06,183243.3
Mauritius,2022-07-07,183559.1
Mauritius,2022-07-08,183916.42
Mauritius,2022-07-09,184276.11
Mauritius,2022-07-10,184580.92
Mauritius,2022-07-11,184975.1
Mauritius,2022-07-12,185443.69
Mauritius,2022-07-13,185983.61
Mauritius,2022-07-14,186476.5
Mauritius,2022-07-15,186958.42
Mauritius,2022-07-16,187478.75
Mauritius,2022-07-17,187945.78
Mauritius,2022-07-18,188399.5
Mauritius,2022-07-19,188980.94
Mauritius,2022-07-20,189525.55
Mauritius,2022-07-21,190112.48
Mauritius,2022-07-22,190582.66
Mauritius,2022-07-23,191059.88
Mauritius,2022-07-24,191512.02
Mauritius,2022-07-25,191868.56
Mauritius,2022-07-26,192455.5
Mauritius,2022-07-27,192892.75
Mauritius,2022-07-28,193411.5
Mauritius,2022-07-29,193877.77
Mauritius,2022-07-30,194258.6
Mauritius,2022-07-31,194593.2
Mauritius,2022-08-01,194901.16
Mauritius,2022-08-02,195306.3
Mauritius,2022-08-03,195709.08
Mauritius,2022-08-04,196094.61
Mauritius,2022-08-05,196461.34
Mauritius,2022-08-06,196772.44
Mauritius,2022-08-07,197006.73
Mauritius,2022-08-08,197272.39
Mauritius,2022-08-09,197643.83
Mauritius,2022-08-10,197955.7
Mauritius,2022-08-11,198243.28
Mauritius,2022-08-12,198510.5
Mauritius,2022-08-13,198719.73
Mauritius,2022-08-14,198937.58
Mauritius,2022-08-15,199111.53
Mauritius,2022-08-16,199352.11
Mauritius,2022-08-17,199689.84
Mauritius,2022-08-18,199978.22
Mauritius,2022-08-19,200257.97
Mauritius,2022-08-20,200540.06
Mauritius,2022-08-21,200750.86
Mauritius,2022-08-22,200960.1
Mauritius,2022-08-23,201268.83
Mauritius,2022-08-24,201506.27
Mauritius,2022-08-25,201728.03
Mauritius,2022-08-26,201935.69
Mauritius,2022-08-27,202133.94
Mauritius,2022-08-28,202268.73
Mauritius,2022-08-29,202409
Mauritius,2022-08-30,202599.4
Mauritius,2022-08-31,202786.7
Mauritius,2022-09-01,202951.25
Mauritius,2022-09-02,203115.81
Mauritius,2022-09-03,203289.78
Mauritius,2022-09-04,203420.64
Mauritius,2022-09-05,203528.78
Mauritius,2022-09-06,203687.86
Mauritius,2022-09-07,203831.27
Mauritius,2022-09-08,203995.03
Mauritius,2022-09-09,204147.06
Mauritius,2022-09-10,204284.19
Mauritius,2022-09-11,204387.62
Mauritius,2022-09-12,204482.44
Mauritius,2022-09-13,204665.81
Mauritius,2022-09-14,204821.75
Mauritius,2022-09-15,204947.12
Mauritius,2022-09-16,205043.52
Mauritius,2022-09-17,205148.52
Mauritius,2022-09-18,205231.58
Mauritius,2022-09-19,205288.78
Mauritius,2022-09-20,205383.61
Mauritius,2022-09-21,205476.08
Mauritius,2022-09-22,205557.56
Mauritius,2022-09-23,205634.36
Mauritius,2022-09-24,205713.5
Mauritius,2022-09-25,205764.44
Mauritius,2022-09-26,205815.38
Mauritius,2022-09-27,205885.9
Mauritius,2022-09-28,205956.42
Mauritius,2022-09-29,206024.61
Mauritius,2022-09-30,206106.1
Mauritius,2022-10-01,206146.06
Mauritius,2022-10-02,206182.89
Mauritius,2022-10-03,206229.9
Mauritius,2022-10-04,206330.22
Mauritius,2022-10-05,206399.17
Mauritius,2022-10-06,206463.42
Mauritius,2022-10-07,206525.33
Mauritius,2022-10-08,206602.12
Mauritius,2022-10-09,206642.88
Mauritius,2022-10-10,206702.44
Mauritius,2022-10-11,206779.22
Mauritius,2022-10-12,206863.08
Mauritius,2022-10-13,206952.4
Mauritius,2022-10-14,207026.06
Mauritius,2022-10-15,207113.83
Mauritius,2022-10-16,207175.73
Mauritius,2022-10-17,207239.2
Mauritius,2022-10-18,207330.89
Mauritius,2022-10-19,207456.27
Mauritius,2022-10-20,207547.95
Mauritius,2022-10-21,207646.69
Mauritius,2022-10-22,207744.64
Mauritius,2022-10-23,207826.92
Mauritius,2022-10-24,207894.31
Mauritius,2022-10-25,208006.38
Mauritius,2022-10-26,208191.3
Mauritius,2022-10-27,208350.38
Mauritius,2022-10-28,208448.33
Mauritius,2022-10-29,208590.95
Mauritius,2022-10-30,208704.58
Mauritius,2022-10-31,208825.25
Mauritius,2022-11-01,209039.17
Mauritius,2022-11-02,209222.55
Mauritius,2022-11-03,209401.2
Mauritius,2022-11-04,209629.23
Mauritius,2022-11-05,209887.83
Mauritius,2022-11-06,210104.89
Mauritius,2022-11-07,210320.39
Mauritius,2022-11-08,210704.36
Mauritius,2022-11-09,211053.86
Mauritius,2022-11-10,211441.75
Mauritius,2022-11-11,212285.7
Mauritius,2022-11-12,212285.7
Mauritius,2022-11-13,212676.72
Mauritius,2022-11-14,213039.55
Mauritius,2022-11-15,213639.8
Mauritius,2022-11-16,214178.14
Mauritius,2022-11-17,214695.33
Mauritius,2022-11-18,215254.83
Mauritius,2022-11-19,215768.88
Mauritius,2022-11-20,216206.14
Mauritius,2022-11-21,216635.56
Mauritius,2022-11-22,217343.95
Mauritius,2022-11-23,217909.72
Mauritius,2022-11-24,218481.77
Mauritius,2022-11-25,218987.19
Mauritius,2022-11-26,219476.17
Mauritius,2022-11-27,219920.48
Mauritius,2022-11-28,220324.05
Mauritius,2022-11-29,220898.44
Mauritius,2022-11-30,221403.86
Mauritius,2022-12-01,221403.86
Mauritius,2022-12-02,222313.64
Mauritius,2022-12-03,222695.27
Mauritius,2022-12-04,222975.8
Mauritius,2022-12-05,223326.08
Mauritius,2022-12-06,223832.3
Mauritius,2022-12-07,224233.5
Mauritius,2022-12-08,224580.64
Mauritius,2022-12-09,224913.69
Mauritius,2022-12-10,225252.98
Mauritius,2022-12-11,225470.05
Mauritius,2022-12-12,225680.84
Mauritius,2022-12-13,226011.53
Mauritius,2022-12-14,226291.28
Mauritius,2022-12-15,226562.42
Mauritius,2022-12-16,226787.31
Mauritius,2022-12-17,226964.4
Mauritius,2022-12-18,227114.08
Mauritius,2022-12-19,227233.19
Mauritius,2022-12-20,227440.84
Mauritius,2022-12-21,227614.81
Mauritius,2022-12-22,227792.69
Mauritius,2022-12-23,227960.39
Mauritius,2022-12-24,228088.9
Mauritius,2022-12-25,228193.9
Mauritius,2022-12-26,228294.98
Mauritius,2022-12-27,228451.72
Mauritius,2022-12-28,228592.77
Mauritius,2022-12-29,228746.36
Mauritius,2022-12-30,228846.66
Mauritius,2022-12-31,228964.2
Mauritius,2023-01-01,229048.05
Mauritius,2023-01-02,229104.47
Mauritius,2023-01-03,229189.1
Mauritius,2023-01-04,229307.42
Mauritius,2023-01-05,229462.58
Mauritius,2023-01-06,229595.8
Mauritius,2023-01-07,229722.73
Mauritius,2023-01-08,229819.9
Mauritius,2023-01-09,229902.19
Mauritius,2023-01-10,230000.14
Mauritius,2023-01-11,230079.28
Mauritius,2023-01-12,230169.4
Mauritius,2023-01-13,230250.89
Mauritius,2023-01-14,230337.88
Mauritius,2023-01-15,230395.08
Mauritius,2023-01-16,230453.08
Mauritius,2023-01-17,230531.44
Mauritius,2023-01-18,230620.77
Mauritius,2023-01-19,230677.19
Mauritius,2023-01-20,230734.39
Mauritius,2023-01-21,230782.19
Mauritius,2023-01-22,230817.45
Mauritius,2023-01-23,230855.06
Mauritius,2023-01-24,230901.3
Mauritius,2023-01-25,230941.27
Mauritius,2023-01-26,230941.27
Mauritius,2023-01-27,231011
Mauritius,2023-01-28,231024.33
Mauritius,2023-01-29,231068.2
Mauritius,2023-01-30,231100.34
Mauritius,2023-01-31,231145.78
Mauritius,2023-02-01,231170.86
Mauritius,2023-02-02,231194.38
Mauritius,2023-02-03,231224.16
Mauritius,2023-02-04,231252.36
Mauritius,2023-02-05,231270.39
Mauritius,2023-02-06,231293.11
Mauritius,2023-02-07,231337.78
Mauritius,2023-02-08,231371.47
Mauritius,2023-02-09,231389.5
Mauritius,2023-02-10,231426.33
Mauritius,2023-02-11,231453.75
Mauritius,2023-02-12,231482.75
Mauritius,2023-02-13,231511.73
Mauritius,2023-02-14,231561.89
Mauritius,2023-02-15,231597.94
Mauritius,2023-02-16,231641.03
Mauritius,2023-02-17,231673.16
Mauritius,2023-02-18,231702.94
Mauritius,2023-02-19,231730.36
Mauritius,2023-02-20,231757.02
Mauritius,2023-02-21,231757.02
Mauritius,2023-02-22,231757.02
Mauritius,2023-02-23,231757.02
Mauritius,2023-02-24,231757.02
Mauritius,2023-02-25,231757.02
Mauritius,2023-02-26,231757.02
Mauritius,2023-02-27,231983.47
Mauritius,2023-02-28,232023.44
Mauritius,2023-03-01,232060.27
Mauritius,2023-03-02,232092.39
Mauritius,2023-03-03,232136.28
Mauritius,2023-03-04,232173.11
Mauritius,2023-03-05,232207.6
Mauritius,2023-03-06,232244.42
Mauritius,2023-03-07,232281.25
Mauritius,2023-03-08,232338.45
Mauritius,2023-03-09,232394.1
Mauritius,2023-03-10,232439.55
Mauritius,2023-03-11,232481.86
Mauritius,2023-03-12,232520.25
Mauritius,2023-03-13,232557.86
Mauritius,2023-03-14,232632.31
Mauritius,2023-03-15,232632.31
Mauritius,2023-03-16,232632.31
Mauritius,2023-03-17,232632.31
Mauritius,2023-03-18,232632.31
Mauritius,2023-03-19,232632.31
Mauritius,2023-03-20,232939.48
Mauritius,2023-03-21,232939.48
Mauritius,2023-03-22,232939.48
Mauritius,2023-03-23,232939.48
Mauritius,2023-03-24,232939.48
Mauritius,2023-03-25,232939.48
Mauritius,2023-03-26,232939.48
Mauritius,2023-03-27,233329.73
Mauritius,2023-03-28,233329.73
Mauritius,2023-03-29,233329.73
Mauritius,2023-03-30,233329.73
Mauritius,2023-03-31,233329.73
Mauritius,2023-04-01,233329.73
Mauritius,2023-04-02,233329.73
Mauritius,2023-04-03,233595.38
Mauritius,2023-04-04,233595.38
Mauritius,2023-04-05,233595.38
Mauritius,2023-04-06,233595.38
Mauritius,2023-04-07,233595.38
Mauritius,2023-04-08,233595.38
Mauritius,2023-04-09,233595.38
Mauritius,2023-04-10,234155.66
Mauritius,2023-04-11,234155.66
Mauritius,2023-04-12,234155.66
Mauritius,2023-04-13,234155.66
Mauritius,2023-04-14,234155.66
Mauritius,2023-04-15,234155.66
Mauritius,2023-04-16,234155.66
Mauritius,2023-04-17,234909.5
Mauritius,2023-04-18,234909.5
Mauritius,2023-04-19,234909.5
Mauritius,2023-04-20,234909.5
Mauritius,2023-04-21,234909.5
Mauritius,2023-04-22,234909.5
Mauritius,2023-04-23,234909.5
Mauritius,2023-04-24,235943.88
Mauritius,2023-04-25,235943.88
Mauritius,2023-04-26,235943.88
Mauritius,2023-04-27,235943.88
Mauritius,2023-04-28,235943.88
Mauritius,2023-04-29,235943.88
Mauritius,2023-04-30,235943.88
Mauritius,2023-05-01,237196.88
Mauritius,2023-05-02,237196.88
Mauritius,2023-05-03,237196.88
Mauritius,2023-05-04,237196.88
Mauritius,2023-05-05,237196.88
Mauritius,2023-05-06,237196.88
Mauritius,2023-05-07,237196.88
Mauritius,2023-05-08,238402.08
Mauritius,2023-05-09,238402.08
Mauritius,2023-05-10,238402.08
Mauritius,2023-05-11,238402.08
Mauritius,2023-05-12,238402.08
Mauritius,2023-05-13,238402.08
Mauritius,2023-05-14,238402.08
Mauritius,2023-05-15,239365.92
Mauritius,2023-05-16,239365.92
Mauritius,2023-05-17,239365.92
Mauritius,2023-05-18,239365.92
Mauritius,2023-05-19,239365.92
Mauritius,2023-05-20,239365.92
Mauritius,2023-05-21,239365.92
Mauritius,2023-05-22,240039.84
Mauritius,2023-05-23,240039.84
Mauritius,2023-05-24,240039.84
Mauritius,2023-05-25,240039.84
Mauritius,2023-05-26,240039.84
Mauritius,2023-05-27,240039.84
Mauritius,2023-05-28,240039.84
Mauritius,2023-05-29,240546.06
Mauritius,2023-05-30,240546.06
Mauritius,2023-05-31,240546.06
Mauritius,2023-06-01,240546.06
Mauritius,2023-06-02,240546.06
Mauritius,2023-06-03,240546.06
Mauritius,2023-06-04,240546.06
Mauritius,2023-06-05,240950.4
Mauritius,2023-06-06,240950.4
Mauritius,2023-06-07,240950.4
Mauritius,2023-06-08,240950.4
Mauritius,2023-06-09,240950.4
Mauritius,2023-06-10,240950.4
Mauritius,2023-06-11,240950.4
Mauritius,2023-06-12,241211.34
Mauritius,2023-06-13,241211.34
Mauritius,2023-06-14,241211.34
Mauritius,2023-06-15,241211.34
Mauritius,2023-06-16,241211.34
Mauritius,2023-06-17,241211.34
Mauritius,2023-06-18,241211.34
Mauritius,2023-06-19,241388.44
Mauritius,2023-06-20,241388.44
Mauritius,2023-06-21,241388.44
Mauritius,2023-06-22,241388.44
Mauritius,2023-06-23,241388.44
Mauritius,2023-06-24,241388.44
Mauritius,2023-06-25,241388.44
Mauritius,2023-06-26,241517.73
Mauritius,2023-06-27,241517.73
Mauritius,2023-06-28,241517.73
Mauritius,2023-06-29,241517.73
Mauritius,2023-06-30,241517.73
Mauritius,2023-07-01,241517.73
Mauritius,2023-07-02,241517.73
Mauritius,2023-07-03,241624.31
Mauritius,2023-07-04,241624.31
Mauritius,2023-07-05,241624.31
Mauritius,2023-07-06,241624.31
Mauritius,2023-07-07,241624.31
Mauritius,2023-07-08,241624.31
Mauritius,2023-07-09,241624.31
Mauritius,2023-07-10,241732.45
Mauritius,2023-07-11,241732.45
Mauritius,2023-07-12,241732.45
Mauritius,2023-07-13,241732.45
Mauritius,2023-07-14,241732.45
Mauritius,2023-07-15,241732.45
Mauritius,2023-07-16,241732.45
Mauritius,2023-07-17,241846.86
Mauritius,2023-07-18,241846.86
Mauritius,2023-07-19,241846.86
Mauritius,2023-07-20,241846.86
Mauritius,2023-07-21,241846.86
Mauritius,2023-07-22,241846.86
Mauritius,2023-07-23,241846.86
Mauritius,2023-07-24,241933.06
Mauritius,2023-07-25,241933.06
Mauritius,2023-07-26,241933.06
Mauritius,2023-07-27,241933.06
Mauritius,2023-07-28,241933.06
Mauritius,2023-07-29,241933.06
Mauritius,2023-07-30,241933.06
Mauritius,2023-07-31,241999.67
Mauritius,2023-08-01,241999.67
Mauritius,2023-08-02,241999.67
Mauritius,2023-08-03,241999.67
Mauritius,2023-08-04,241999.67
Mauritius,2023-08-05,241999.67
Mauritius,2023-08-06,241999.67
Mauritius,2023-08-07,242071.75
Mauritius,2023-08-08,242504.31
Mauritius,2023-08-09,242504.31
Mauritius,2023-08-10,242504.31
Mauritius,2023-08-11,242504.31
Mauritius,2023-08-12,242504.31
Mauritius,2023-08-13,242504.31
Mauritius,2023-08-14,242504.31
Mauritius,2023-08-15,242556.81
Mauritius,2023-08-16,242556.81
Mauritius,2023-08-17,242556.81
Mauritius,2023-08-18,242556.81
Mauritius,2023-08-19,242556.81
Mauritius,2023-08-20,242556.81
Mauritius,2023-08-21,242556.81
Mauritius,2023-08-22,242618.72
Mauritius,2023-08-23,242618.72
Mauritius,2023-08-24,242618.72
Mauritius,2023-08-25,242618.72
Mauritius,2023-08-26,242618.72
Mauritius,2023-08-27,242618.72
Mauritius,2023-08-28,242618.72
Mauritius,2023-08-29,242668.1
Mauritius,2023-08-30,242668.1
Mauritius,2023-08-31,242668.1
Mauritius,2023-09-01,242668.1
Mauritius,2023-09-02,242668.1
Mauritius,2023-09-03,242668.1
Mauritius,2023-09-04,242668.1
Mauritius,2023-09-05,242718.23
Mauritius,2023-09-06,242718.23
Mauritius,2023-09-07,242718.23
Mauritius,2023-09-08,242718.23
Mauritius,2023-09-09,242718.23
Mauritius,2023-09-10,242718.23
Mauritius,2023-09-11,242718.23
Mauritius,2023-09-12,242753.5
Mauritius,2023-09-13,242753.5
Mauritius,2023-09-14,242753.5
Mauritius,2023-09-15,242753.5
Mauritius,2023-09-16,242753.5
Mauritius,2023-09-17,242753.5
Mauritius,2023-09-18,242753.5
Mauritius,2023-09-19,242787.98
Mauritius,2023-09-20,242787.98
Mauritius,2023-09-21,242787.98
Mauritius,2023-09-22,242787.98
Mauritius,2023-09-23,242787.98
Mauritius,2023-09-24,242787.98
Mauritius,2023-09-25,242787.98
Mauritius,2023-09-26,242818.55
Mauritius,2023-09-27,242818.55
Mauritius,2023-09-28,242818.55
Mauritius,2023-09-29,242818.55
Mauritius,2023-09-30,242818.55
Mauritius,2023-10-01,242818.55
Mauritius,2023-10-02,242856.16
Mauritius,2023-10-03,242856.16
Mauritius,2023-10-04,242856.16
Mauritius,2023-10-05,242856.16
Mauritius,2023-10-06,242856.16
Mauritius,2023-10-07,242856.16
Mauritius,2023-10-08,242856.16
Mauritius,2023-10-09,242907.88
Mauritius,2023-10-10,242907.88
Mauritius,2023-10-11,242907.88
Mauritius,2023-10-12,242907.88
Mauritius,2023-10-13,242907.88
Mauritius,2023-10-14,242907.88
Mauritius,2023-10-15,242907.88
Mauritius,2023-10-16,242964.3
Mauritius,2023-10-17,242964.3
Mauritius,2023-10-18,242964.3
Mauritius,2023-10-19,242964.3
Mauritius,2023-10-20,242964.3
Mauritius,2023-10-21,242964.3
Mauritius,2023-10-22,242964.3
Mauritius,2023-10-23,243063.81
Mauritius,2023-10-24,243063.81
Mauritius,2023-10-25,243063.81
Mauritius,2023-10-26,243063.81
Mauritius,2023-10-27,243063.81
Mauritius,2023-10-28,243063.81
Mauritius,2023-10-29,243063.81
Mauritius,2023-10-30,243187.62
Mauritius,2023-10-31,243187.62
Mauritius,2023-11-01,243187.62
Mauritius,2023-11-02,243187.62
Mauritius,2023-11-03,243187.62
Mauritius,2023-11-04,243187.62
Mauritius,2023-11-05,243187.62
Mauritius,2023-11-06,243436.03
Mauritius,2023-11-07,243436.03
Mauritius,2023-11-08,243436.03
Mauritius,2023-11-09,243436.03
Mauritius,2023-11-10,243436.03
Mauritius,2023-11-11,243436.03
Mauritius,2023-11-12,243436.03
Mauritius,2023-11-13,244069.2
Mauritius,2023-11-14,244069.2
Mauritius,2023-11-15,244069.2
Mauritius,2023-11-16,244069.2
Mauritius,2023-11-17,244069.2
Mauritius,2023-11-18,244069.2
Mauritius,2023-11-19,244069.2
Mauritius,2023-11-20,245250.11
Mauritius,2023-11-21,245250.11
Mauritius,2023-11-22,245250.11
Mauritius,2023-11-23,245250.11
Mauritius,2023-11-24,245250.11
Mauritius,2023-11-25,245250.11
Mauritius,2023-11-26,245250.11
Mauritius,2023-11-27,246917.64
Mauritius,2023-11-28,246917.64
Mauritius,2023-11-29,246917.64
Mauritius,2023-11-30,246917.64
Mauritius,2023-12-01,246917.64
Mauritius,2023-12-02,246917.64
Mauritius,2023-12-03,246917.64
Mauritius,2023-12-04,249339.8
Mauritius,2023-12-05,249339.8
Mauritius,2023-12-06,249339.8
Mauritius,2023-12-07,249339.8
Mauritius,2023-12-08,249339.8
Mauritius,2023-12-09,249339.8
Mauritius,2023-12-10,249339.8
Mauritius,2023-12-11,251869.31
Mauritius,2023-12-12,251869.31
Mauritius,2023-12-13,251869.31
Mauritius,2023-12-14,251869.31
Mauritius,2023-12-15,251869.31
Mauritius,2023-12-16,251869.31
Mauritius,2023-12-17,251869.31
Mauritius,2023-12-18,251869.31
Mauritius,2023-12-19,251869.31
Mauritius,2023-12-20,251869.31
Mauritius,2023-12-21,251869.31
Mauritius,2023-12-22,251869.31
Mauritius,2023-12-23,251869.31
Mauritius,2023-12-24,251869.31
Mauritius,2023-12-25,253672.42
Mauritius,2023-12-26,253672.42
Mauritius,2023-12-27,253672.42
Mauritius,2023-12-28,253672.42
Mauritius,2023-12-29,253672.42
Mauritius,2023-12-30,253672.42
Mauritius,2023-12-31,253672.42
Mauritius,2024-01-01,254964.61
Mauritius,2024-01-02,254964.61
Mauritius,2024-01-03,254964.61
Mauritius,2024-01-04,254964.61
Mauritius,2024-01-05,254964.61
Mauritius,2024-01-06,254964.61
Mauritius,2024-01-07,254964.61
Mauritius,2024-01-08,255769.38
Mauritius,2024-01-09,255769.38
Mauritius,2024-01-10,255769.38
Mauritius,2024-01-11,255769.38
Mauritius,2024-01-12,255769.38
Mauritius,2024-01-13,255769.38
Mauritius,2024-01-14,255769.38
Mauritius,2024-01-15,256040.52
Mauritius,2024-01-16,256040.52
Mauritius,2024-01-17,256040.52
Mauritius,2024-01-18,256040.52
Mauritius,2024-01-19,256040.52
Mauritius,2024-01-20,256040.52
Mauritius,2024-01-21,256040.52
Mauritius,2024-01-22,256207.42
Mauritius,2024-01-23,256207.42
Mauritius,2024-01-24,256207.42
Mauritius,2024-01-25,256207.42
Mauritius,2024-01-26,256207.42
Mauritius,2024-01-27,256207.42
Mauritius,2024-01-28,256207.42
Mauritius,2024-01-29,256342.2
Mauritius,2024-01-30,256342.2
Mauritius,2024-01-31,256342.2
Mauritius,2024-02-01,256342.2
Mauritius,2024-02-02,256342.2
Mauritius,2024-02-03,256342.2
Mauritius,2024-02-04,256342.2
Mauritius,2024-02-05,256443.28
Mauritius,2024-02-06,256443.28
Mauritius,2024-02-07,256443.28
Mauritius,2024-02-08,256443.28
Mauritius,2024-02-09,256443.28
Mauritius,2024-02-10,256443.28
Mauritius,2024-02-11,256443.28
Mauritius,2024-02-12,256495
Mauritius,2024-02-13,256495
Mauritius,2024-02-14,256495
Mauritius,2024-02-15,256495
Mauritius,2024-02-16,256495
Mauritius,2024-02-17,256495
Mauritius,2024-02-18,256495
Mauritius,2024-02-19,256521.66
Mauritius,2024-02-20,256521.66
Mauritius,2024-02-21,256521.66
Mauritius,2024-02-22,256521.66
Mauritius,2024-02-23,256521.66
Mauritius,2024-02-24,256521.66
Mauritius,2024-02-25,256521.66
Mauritius,2024-02-26,256540.45
Mauritius,2024-02-27,256540.45
Mauritius,2024-02-28,256540.45
Mauritius,2024-02-29,256540.45
Mauritius,2024-03-01,256540.45
Mauritius,2024-03-02,256540.45
Mauritius,2024-03-03,256540.45
Mauritius,2024-03-04,256560.83
Mauritius,2024-03-05,256560.83
Mauritius,2024-03-06,256560.83
Mauritius,2024-03-07,256560.83
Mauritius,2024-03-08,256560.83
Mauritius,2024-03-09,256560.83
Mauritius,2024-03-10,256560.83
Mauritius,2024-03-11,256579.64
Mauritius,2024-03-12,256579.64
Mauritius,2024-03-13,256579.64
Mauritius,2024-03-14,256579.64
Mauritius,2024-03-15,256579.64
Mauritius,2024-03-16,256579.64
Mauritius,2024-03-17,256579.64
Mauritius,2024-03-18,256598.44
Mauritius,2024-03-19,256598.44
Mauritius,2024-03-20,256598.44
Mauritius,2024-03-21,256598.44
Mauritius,2024-03-22,256598.44
Mauritius,2024-03-23,256598.44
Mauritius,2024-03-24,256598.44
Mauritius,2024-03-25,256609.42
Mauritius,2024-03-26,256609.42
Mauritius,2024-03-27,256609.42
Mauritius,2024-03-28,256609.42
Mauritius,2024-03-29,256609.42
Mauritius,2024-03-30,256609.42
Mauritius,2024-03-31,256609.42
Mauritius,2024-04-01,256629
Mauritius,2024-04-02,256629
Mauritius,2024-04-03,256629
Mauritius,2024-04-04,256629
Mauritius,2024-04-05,256629
Mauritius,2024-04-06,256629
Mauritius,2024-04-07,256629
Mauritius,2024-04-08,256649.38
Mauritius,2024-04-09,256649.38
Mauritius,2024-04-10,256649.38
Mauritius,2024-04-11,256649.38
Mauritius,2024-04-12,256649.38
Mauritius,2024-04-13,256649.38
Mauritius,2024-04-14,256649.38
Mauritius,2024-04-15,256679.94
Mauritius,2024-04-16,256679.94
Mauritius,2024-04-17,256679.94
Mauritius,2024-04-18,256679.94
Mauritius,2024-04-19,256679.94
Mauritius,2024-04-20,256679.94
Mauritius,2024-04-21,256679.94
Mauritius,2024-04-22,256717.56
Mauritius,2024-04-23,256717.56
Mauritius,2024-04-24,256717.56
Mauritius,2024-04-25,256717.56
Mauritius,2024-04-26,256717.56
Mauritius,2024-04-27,256717.56
Mauritius,2024-04-28,256717.56
Mauritius,2024-04-29,256762.22
Mauritius,2024-04-30,256762.22
Mauritius,2024-05-01,256762.22
Mauritius,2024-05-02,256762.22
Mauritius,2024-05-03,256762.22
Mauritius,2024-05-04,256762.22
Mauritius,2024-05-05,256762.22
Mauritius,2024-05-06,256801.4
Mauritius,2024-05-07,256801.4
Mauritius,2024-05-08,256801.4
Mauritius,2024-05-09,256801.4
Mauritius,2024-05-10,256801.4
Mauritius,2024-05-11,256801.4
Mauritius,2024-05-12,256801.4
Mauritius,2024-05-13,256846.06
Mauritius,2024-05-14,256846.06
Mauritius,2024-05-15,256846.06
Mauritius,2024-05-16,256846.06
Mauritius,2024-05-17,256846.06
Mauritius,2024-05-18,256846.06
Mauritius,2024-05-19,256846.06
Mauritius,2024-05-20,256888.39
Mauritius,2024-05-21,256888.39
Mauritius,2024-05-22,256888.39
Mauritius,2024-05-23,256888.39
Mauritius,2024-05-24,256888.39
Mauritius,2024-05-25,256888.39
Mauritius,2024-05-26,256888.39
Mauritius,2024-05-27,256915.03
Mauritius,2024-05-28,256915.03
Mauritius,2024-05-29,256915.03
Mauritius,2024-05-30,256915.03
Mauritius,2024-05-31,256915.03
Mauritius,2024-06-01,256915.03
Mauritius,2024-06-02,256915.03
Mauritius,2024-06-03,256946.38
Mauritius,2024-06-04,256946.38
Mauritius,2024-06-05,256946.38
Mauritius,2024-06-06,256946.38
Mauritius,2024-06-07,256946.38
Mauritius,2024-06-08,256946.38
Mauritius,2024-06-09,256946.38
Mauritius,2024-06-10,256969.88
Mauritius,2024-06-11,256969.88
Mauritius,2024-06-12,256969.88
Mauritius,2024-06-13,256969.88
Mauritius,2024-06-14,256969.88
Mauritius,2024-06-15,256969.88
Mauritius,2024-06-16,256969.88
Mauritius,2024-06-17,257000.44
Mauritius,2024-06-18,257000.44
Mauritius,2024-06-19,257000.44
Mauritius,2024-06-20,257000.44
Mauritius,2024-06-21,257000.44
Mauritius,2024-06-22,257000.44
Mauritius,2024-06-23,257000.44
Mauritius,2024-06-24,257035.7
Mauritius,2024-06-25,257035.7
Mauritius,2024-06-26,257035.7
Mauritius,2024-06-27,257035.7
Mauritius,2024-06-28,257035.7
Mauritius,2024-06-29,257035.7
Mauritius,2024-06-30,257035.7
Mauritius,2024-07-01,257067.05
Mauritius,2024-07-02,257067.05
Mauritius,2024-07-03,257067.05
Mauritius,2024-07-04,257067.05
Mauritius,2024-07-05,257067.05
Mauritius,2024-07-06,257067.05
Mauritius,2024-07-07,257067.05
Mauritius,2024-07-08,257114.84
Mauritius,2024-07-09,257114.84
Mauritius,2024-07-10,257114.84
Mauritius,2024-07-11,257114.84
Mauritius,2024-07-12,257114.84
Mauritius,2024-07-13,257114.84
Mauritius,2024-07-14,257114.84
Mauritius,2024-07-15,257157.16
Mauritius,2024-07-16,257157.16
Mauritius,2024-07-17,257157.16
Mauritius,2024-07-18,257157.16
Mauritius,2024-07-19,257157.16
Mauritius,2024-07-20,257157.16
Mauritius,2024-07-21,257157.16
Mauritius,2024-07-22,257200.27
Mauritius,2024-07-23,257200.27
Mauritius,2024-07-24,257200.27
Mauritius,2024-07-25,257200.27
Mauritius,2024-07-26,257200.27
Mauritius,2024-07-27,257200.27
Mauritius,2024-07-28,257200.27
Mauritius,2024-07-29,257242.58
Mauritius,2024-07-30,257242.58
Mauritius,2024-07-31,257242.58
Mauritius,2024-08-01,257242.58
Mauritius,2024-08-02,257242.58
Mauritius,2024-08-03,257242.58
Mauritius,2024-08-04,257242.58
Mauritius,2024-08-05,257288.81
Mauritius,2024-08-06,257288.81
Mauritius,2024-08-07,257288.81
Mauritius,2024-08-08,257288.81
Mauritius,2024-08-09,257288.81
Mauritius,2024-08-10,257288.81
Mauritius,2024-08-11,257288.81
Mauritius,2024-08-12,257347.58
Mauritius,2024-08-13,257347.58
Mauritius,2024-08-14,257347.58
Mauritius,2024-08-15,257347.58
Mauritius,2024-08-16,257347.58
Mauritius,2024-08-17,257347.58
Mauritius,2024-08-18,257347.58
Mauritius,2024-08-19,257408.7
Mauritius,2024-08-20,257408.7
Mauritius,2024-08-21,257408.7
Mauritius,2024-08-22,257408.7
Mauritius,2024-08-23,257408.7
Mauritius,2024-08-24,257408.7
Mauritius,2024-08-25,257408.7
Mauritius,2024-08-26,257488.64
Mauritius,2024-08-27,257488.64
Mauritius,2024-08-28,257488.64
Mauritius,2024-08-29,257488.64
Mauritius,2024-08-30,257488.64
Mauritius,2024-08-31,257488.64
Mauritius,2024-09-01,257488.64
Mauritius,2024-09-02,257552.11
Mauritius,2024-09-03,257552.11
Mauritius,2024-09-04,257552.11
Mauritius,2024-09-05,257552.11
Mauritius,2024-09-06,257552.11
Mauritius,2024-09-07,257552.11
Mauritius,2024-09-08,257552.11
Mauritius,2024-09-09,257609.31
Mauritius,2024-09-10,257609.31
Mauritius,2024-09-11,257609.31
Mauritius,2024-09-12,257609.31
Mauritius,2024-09-13,257609.31
Mauritius,2024-09-14,257609.31
Mauritius,2024-09-15,257609.31
Mauritius,2024-09-16,257693.16
Mauritius,2024-09-17,257693.16
Mauritius,2024-09-18,257693.16
Mauritius,2024-09-19,257693.16
Mauritius,2024-09-20,257693.16
Mauritius,2024-09-21,257693.16
Mauritius,2024-09-22,257693.16
Mauritius,2024-09-23,257758.98
Mauritius,2024-09-24,257758.98
Mauritius,2024-09-25,257758.98
Mauritius,2024-09-26,257758.98
Mauritius,2024-09-27,257758.98
Mauritius,2024-09-28,257758.98
Mauritius,2024-09-29,257758.98
Mauritius,2024-09-30,257802.08
Mauritius,2024-10-01,257802.08
Mauritius,2024-10-02,257802.08
Mauritius,2024-10-03,257802.08
Mauritius,2024-10-04,257802.08
Mauritius,2024-10-05,257802.08
Mauritius,2024-10-06,257802.08
Mauritius,2024-10-07,257863.2
Mauritius,2024-10-08,257863.2
Mauritius,2024-10-09,257863.2
Mauritius,2024-10-10,257863.2
Mauritius,2024-10-11,257863.2
Mauritius,2024-10-12,257863.2
Mauritius,2024-10-13,257863.2
Mauritius,2024-10-14,257904.73
Mauritius,2024-10-15,257904.73
Mauritius,2024-10-16,257904.73
Mauritius,2024-10-17,257904.73
Mauritius,2024-10-18,257904.73
Mauritius,2024-10-19,257904.73
Mauritius,2024-10-20,257904.73
Mauritius,2024-10-21,257965.08
Mauritius,2024-10-22,257965.08
Mauritius,2024-10-23,257965.08
Mauritius,2024-10-24,257965.08
Mauritius,2024-10-25,257965.08
Mauritius,2024-10-26,257965.08
Mauritius,2024-10-27,257965.08
Mauritius,2024-10-28,257996.42
Mauritius,2024-10-29,257996.42
Mauritius,2024-10-30,257996.42
Mauritius,2024-10-31,257996.42
Mauritius,2024-11-01,257996.42
Mauritius,2024-11-02,257996.42
Mauritius,2024-11-03,257996.42
Mauritius,2024-11-04,258036.38
Mauritius,2024-11-05,258036.38
Mauritius,2024-11-06,258036.38
Mauritius,2024-11-07,258036.38
Mauritius,2024-11-08,258036.38
Mauritius,2024-11-09,258036.38
Mauritius,2024-11-10,258036.38
Mauritius,2024-11-11,258089.67
Mauritius,2024-11-12,258089.67
Mauritius,2024-11-13,258089.67
Mauritius,2024-11-14,258089.67
Mauritius,2024-11-15,258089.67
Mauritius,2024-11-16,258089.67
Mauritius,2024-11-17,258089.67
Mauritius,2024-11-18,258137.47
Mauritius,2024-11-19,258137.47
Mauritius,2024-11-20,258137.47
Mauritius,2024-11-21,258137.47
Mauritius,2024-11-22,258137.47
Mauritius,2024-11-23,258137.47
Mauritius,2024-11-24,258137.47
Mauritius,2024-11-25,258208
Mauritius,2024-11-26,258208
Mauritius,2024-11-27,258208
Mauritius,2024-11-28,258208
Mauritius,2024-11-29,258208
Mauritius,2024-11-30,258208
Mauritius,2024-12-01,258208
Mauritius,2024-12-02,258307.52
Mauritius,2024-12-03,258307.52
Mauritius,2024-12-04,258307.52
Mauritius,2024-12-05,258307.52
Mauritius,2024-12-06,258307.52
Mauritius,2024-12-07,258307.52
Mauritius,2024-12-08,258307.52
Mauritius,2024-12-09,258451.7
Mauritius,2024-12-10,258451.7
Mauritius,2024-12-11,258451.7
Mauritius,2024-12-12,258451.7
Mauritius,2024-12-13,258451.7
Mauritius,2024-12-14,258451.7
Mauritius,2024-12-15,258451.7
Mauritius,2024-12-16,258655.44
Mauritius,2024-12-17,258655.44
Mauritius,2024-12-18,258655.44
Mauritius,2024-12-19,258655.44
Mauritius,2024-12-20,258655.44
Mauritius,2024-12-21,258655.44
Mauritius,2024-12-22,258655.44
Mauritius,2024-12-23,258906.98
Mauritius,2024-12-24,258906.98
Mauritius,2024-12-25,258906.98
Mauritius,2024-12-26,258906.98
Mauritius,2024-12-27,258906.98
Mauritius,2024-12-28,258906.98
Mauritius,2024-12-29,258906.98
Mauritius,2024-12-30,259153.03
Mauritius,2024-12-31,259153.03
Mauritius,2025-01-01,259153.03
Mauritius,2025-01-02,259153.03
Mauritius,2025-01-03,259153.03
Mauritius,2025-01-04,259153.03
Mauritius,2025-01-05,259153.03
Mauritius,2025-01-06,259545.62
Mauritius,2025-01-07,259545.62
Mauritius,2025-01-08,259545.62
Mauritius,2025-01-09,259545.62
Mauritius,2025-01-10,259545.62
Mauritius,2025-01-11,259545.62
Mauritius,2025-01-12,259545.62
Mauritius,2025-01-13,259837.92
Mauritius,2025-01-14,259837.92
Mauritius,2025-01-15,259837.92
Mauritius,2025-01-16,259837.92
Mauritius,2025-01-17,259837.92
Mauritius,2025-01-18,259837.92
Mauritius,2025-01-19,259837.92
Mauritius,2025-01-20,259951.55
Mauritius,2025-01-21,259951.55
Mauritius,2025-01-22,259951.55
Mauritius,2025-01-23,259951.55
Mauritius,2025-01-24,259951.55
Mauritius,2025-01-25,259951.55
Mauritius,2025-01-26,259951.55
Mauritius,2025-01-27,260029.9
Mauritius,2025-01-28,260029.9
Mauritius,2025-01-29,260029.9
Mauritius,2025-01-30,260029.9
Mauritius,2025-01-31,260029.9
Mauritius,2025-02-01,260029.9
Mauritius,2025-02-02,260029.9
Mauritius,2025-02-03,260110.61
Mauritius,2025-02-04,260110.61
Mauritius,2025-02-05,260110.61
Mauritius,2025-02-06,260110.61
Mauritius,2025-02-07,260110.61
Mauritius,2025-02-08,260110.61
Mauritius,2025-02-09,260110.61
Mauritius,2025-02-10,260138.05
Mauritius,2025-02-11,260138.05
Mauritius,2025-02-12,260138.05
Mauritius,2025-02-13,260138.05
Mauritius,2025-02-14,260138.05
Mauritius,2025-02-15,260138.05
Mauritius,2025-02-16,260138.05
Mauritius,2025-02-17,260166.25
Mauritius,2025-02-18,260166.25
Mauritius,2025-02-19,260166.25
Mauritius,2025-02-20,260166.25
Mauritius,2025-02-21,260166.25
Mauritius,2025-02-22,260166.25
Mauritius,2025-02-23,260166.25
Mauritius,2025-02-24,260169.39
Mauritius,2025-02-25,260169.39
Mauritius,2025-02-26,260169.39
Mauritius,2025-02-27,260169.39
Mauritius,2025-02-28,260169.39
Mauritius,2025-03-01,260169.39
Mauritius,2025-03-02,260169.39
Mauritius,2025-03-03,260169.39
Mauritius,2025-03-04,260169.39
Mauritius,2025-03-05,260169.39
Mauritius,2025-03-06,260169.39
Mauritius,2025-03-07,260169.39
Mauritius,2025-03-08,260169.39
Mauritius,2025-03-09,260169.39
Mauritius,2025-03-10,260169.39
Mauritius,2025-03-11,260169.39
Mauritius,2025-03-12,260169.39
Mauritius,2025-03-13,260169.39
Mauritius,2025-03-14,260169.39
Mauritius,2025-03-15,260169.39
Mauritius,2025-03-16,260169.39
Mauritius,2025-03-17,260169.39
Mauritius,2025-03-18,260169.39
Mauritius,2025-03-19,260169.39
Mauritius,2025-03-20,260169.39
Mauritius,2025-03-21,260169.39
Mauritius,2025-03-22,260169.39
Mauritius,2025-03-23,260169.39
Mauritius,2025-03-24,260169.39
Mauritius,2025-03-25,260169.39
Mauritius,2025-03-26,260169.39
Mauritius,2025-03-27,260169.39
Mauritius,2025-03-28,260169.39
Mauritius,2025-03-29,260169.39
Mauritius,2025-03-30,260169.39
